"","Number","title","artist","top.genre","year","bpm","nrgy","dnce","dB","live","val","dur","acous","spch","pop","decade"
"1",1,"Put Your Head On My Shoulder","Paul Anka","adult standards",2000,116,34,55,-9,10,47,155,75,3,72,2000
"2",2,"Whatever Will Be Will Be (Que Sera Sera) (with Frank DeVol & His Orchestra) - Single Version","Doris Day","adult standards",1948,177,34,42,-11,72,78,123,86,4,62,1940
"3",3,"Everybody Loves Somebody","Dean Martin","adult standards",2013,81,49,26,-9,34,40,162,81,4,61,2010
"4",4,"Take Good Care Of My Baby - 1990 Remastered","Bobby Vee","adult standards",2011,82,43,49,-12,12,66,151,70,6,60,2010
"5",5,"A Teenager In Love","Dion & The Belmonts","adult standards",1959,79,38,56,-9,13,62,158,67,3,60,1950
"6",6,"She's Got You - Single Version","Patsy Cline","adult standards",1962,182,14,39,-18,11,57,182,94,4,57,1960
"7",7,"Puppy Love - Remix","Paul Anka","adult standards",2000,102,41,29,-10,27,54,164,66,3,56,2000
"8",8,"Travelin' Man - Remastered","Ricky Nelson","adult standards",1991,123,36,74,-12,12,86,143,67,3,55,1990
"9",9,"Mr. Blue","The Fleetwoods","adult standards",1993,97,9,37,-17,11,21,145,93,4,55,1990
"10",10,"Itsy Bitsy Teenie Weenie Yellow Polka Dot Bikini","Brian Hyland","adult standards",1961,123,43,81,-12,2,96,144,55,9,54,1960
"11",11,"Lonesome Town - 1990 Digital Remaster","Ricky Nelson","adult standards",1990,78,10,51,-18,10,30,136,86,3,54,1990
"12",12,"16 Candles","Johnny Maestro","brill building pop",1993,114,31,60,-11,9,60,175,73,3,53,1990
"13",13,"If I Give My Heart to You (with The Mellomen) - 78rpm Version","Doris Day","adult standards",1945,77,6,50,-16,10,33,169,97,5,52,1940
"14",14,"Sh-Boom - Single Version","The Chords","doo-wop",2007,137,47,67,-9,27,91,144,85,5,52,2000
"15",15,"Sh-Boom (Life Could Be A Dream)","The Crew Cuts","doo-wop",2006,130,27,67,-11,23,56,168,85,9,51,2000
"16",16,"It's All In The Game","Tommy Edwards","deep adult standards",1994,105,28,38,-14,31,65,159,4,3,49,1990
"17",17,"You Mean Everything to Me","Neil Sedaka","adult standards",1959,72,43,37,-8,13,68,158,52,3,48,1950
"18",18,"April Love","Pat Boone","adult standards",1962,91,17,39,-15,8,50,161,83,3,48,1960
"19",19,"Surf City - Remastered 1990/Stereo Remix","Jan & Dean","brill building pop",1990,148,65,47,-14,34,94,163,60,3,48,1990
"20",20,"I've Grown Accustomed To Her Face - Remastered/1998","Dean Martin","adult standards",1960,79,12,57,-16,11,34,163,79,6,47,1960
"21",21,"Rubber Ball","Bobby Vee","adult standards",1961,143,43,42,-10,18,77,144,69,4,47,1960
"22",22,"Chicago - Remastered","Frank Sinatra","adult standards",1958,148,46,51,-10,40,79,134,61,7,47,1950
"23",23,"But Not For Me","Ella Fitzgerald","adult standards",1959,80,22,18,-17,10,16,214,92,4,45,1950
"24",24,"In The Still Of The Night","The Five Satins","brill building pop",2010,110,32,44,-10,11,20,184,88,4,44,2010
"25",25,"Only Because","The Platters","adult standards",1957,73,28,55,-10,9,47,174,85,3,44,1950
"26",26,"Che La Luna","Louis Prima","adult standards",1973,127,64,68,-12,21,99,152,30,6,44,1970
"27",27,"My Happiness","Connie Francis","adult standards",1996,107,31,45,-8,13,28,150,75,3,44,1990
"28",28,"Brown Eyed Handsome Man","Buddy Holly","adult standards",1963,95,97,59,-7,9,86,125,4,9,43,1960
"29",29,"Poetry In Motion","Johnny Tillotson","adult standards",2011,135,71,49,-7,10,90,154,40,3,41,2010
"30",30,"To The Aisle","The Five Satins","brill building pop",2008,195,27,32,-10,10,55,166,91,4,41,2000
"31",31,"Tulips From Amsterdam","Max Bygraves","british comedy",2000,93,45,56,-7,15,70,135,49,3,41,2000
"32",32,"If I Give My Heart To You","The Teddy Bears","",2011,113,29,49,-10,12,29,118,86,3,40,2010
"33",33,"The Lady Is A Tramp","Mel Torme & the Mel-Tones","",2016,138,60,41,-8,41,54,170,81,6,40,2010
"34",34,"Let's Fall in Love","James Darren","adult standards",2014,128,29,51,-11,8,58,128,78,4,39,2010
"35",35,"Runaround","The Fleetwoods","adult standards",2011,79,14,37,-15,12,36,154,95,4,39,2010
"36",36,"A Thousand Miles Away","The Temprees","classic soul",1984,75,26,48,-15,28,30,199,39,3,39,1980
"37",37,"Walkin’ My Baby Back Home","Dean Martin","adult standards",2007,127,17,72,-13,7,78,175,98,7,39,2000
"38",38,"Outside My Window","The Fleetwoods","adult standards",1993,106,16,59,-18,11,47,129,88,3,39,1990
"39",39,"I Love My Girl","The Hilltoppers","deep adult standards",2011,123,45,74,-10,10,96,106,88,4,38,2010
"40",40,"Eddie My Love","The Chordettes","adult standards",2012,108,14,57,-12,13,39,135,82,3,38,2010
"41",41,"Let There Be You","The Five Keys","doo-wop",1989,92,11,36,-15,20,23,154,97,3,38,1980
"42",42,"Raindrops","Roy Orbison","adult standards",1961,103,44,59,-10,5,90,113,52,3,38,1960
"43",43,"Unchained Melody","The Teddy Bears","",2011,114,44,53,-8,13,47,139,49,3,37,2010
"44",44,"It All Depends on You","Craig Douglas","brill building pop",1993,147,32,53,-10,17,73,127,87,7,37,1990
"45",45,"A Tear Fell","Teresa Brewer","adult standards",1995,86,16,42,-16,18,46,156,92,5,37,1990
"46",46,"Ain't Got No Home","Clarence ""Frogman"" Henry","louisiana blues",2013,84,33,66,-16,9,53,143,69,9,36,2010
"47",47,"Carolina in the Morning","Craig Douglas","brill building pop",2011,81,20,35,-13,9,43,213,87,3,36,2010
"48",48,"Gigi","Billy Eckstine","adult standards",1958,81,12,21,-17,12,19,155,93,3,35,1950
"49",49,"What Do You Want","Adam Faith","brill building pop",1989,147,37,55,-9,24,85,98,84,4,35,1980
"50",50,"You Belong to My Heart","Timi Yuro","adult standards",2013,108,39,46,-10,16,50,126,82,3,35,2010
"51",51,"Someone Elses Roses","Joan Regan","",2019,100,14,29,-10,15,32,143,89,3,34,2010
"52",52,"More","Jimmy Young","deep adult standards",2007,126,31,36,-11,25,29,146,77,3,34,2000
"53",53,"Do You Wanna Dance","Bobby Freeman","doo-wop",2013,167,50,55,-15,15,96,149,89,6,33,2010
"54",54,"My September Love","David Whitfield","deep adult standards",2000,137,21,24,-17,20,14,166,65,3,33,2000
"55",55,"Seven Days","Anne Shelton","british dance band",2016,90,27,53,-8,27,72,149,89,3,33,2010
"56",56,"Marianne","The Hilltoppers","deep adult standards",2019,106,55,71,-8,19,82,137,73,4,33,2010
"57",57,"Sea Of Love","Marty Wilde","brill building pop",2010,84,39,45,-9,13,39,144,91,3,32,2010
"58",58,"No Other Love","Bob Sharples & His Music","",2014,97,31,37,-10,27,10,171,69,3,31,2010
"59",59,"Hot Diggity","Stargazers","",2001,109,64,88,-9,60,96,134,61,11,31,2000
"60",60,"Kisses Sweeter Than Wine","Frankie Vaughan","merseybeat",2010,87,46,57,-9,18,86,138,61,5,31,2010
"61",61,"Are You Really Mine","Jimmy Rodgers","yodeling",2014,102,19,69,-17,13,56,148,77,3,31,2010
"62",62,"Butterfingers","Tommy Steele","classic uk pop",2000,75,14,52,-14,14,26,135,70,3,30,2000
"63",63,"Come Softly To Me","Frankie Vaughan","merseybeat",2010,131,34,57,-14,35,89,142,82,3,30,2010
"64",64,"Ninety-Nine Ways","Tab Hunter","deep adult standards",2000,125,33,59,-10,9,68,108,87,3,30,2000
"65",65,"Only Sixteen - 2004 Remaster","Craig Douglas","brill building pop",2008,114,55,65,-10,36,59,136,63,4,29,2000
"66",66,"Little Things Means A Lot","Jayne Mansfield","",2008,109,29,70,-15,16,63,172,36,4,29,2000
"67",67,"Drinks On The House","Green Martini Keys","",2016,97,16,57,-16,11,15,181,100,5,28,2010
"68",68,"Pachuko Hop","Ike Carpenter Orchestra","",2006,83,53,48,-9,34,80,135,59,3,28,2000
"69",69,"Collette","Billy Fury","adult standards",1982,155,44,55,-10,10,73,112,82,4,27,1980
"70",70,"Happy Days And Lonely Nights","Suzi Miller And Johnson Brothers","",2012,142,38,65,-8,13,69,146,43,3,27,2010
"71",71,"Stairway Of Love","Terry Dene","",2015,93,62,62,-7,25,86,120,55,4,27,2010
"72",72,"I've Waited So Long","Anthony Newley","",2012,137,36,27,-15,25,28,165,64,4,26,2010
"73",73,"Held for Questioning","Rusty Draper","deep adult standards",1953,109,65,70,-2,14,85,146,79,3,26,1950
"74",1,"Here Comes The Sun - Remastered 2009","The Beatles","british invasion",1969,129,54,56,-10,18,39,186,3,3,82,1960
"75",2,"Come Together - Remastered 2009","The Beatles","british invasion",1969,165,38,53,-12,9,19,260,3,4,79,1960
"76",3,"Sweet Caroline","Neil Diamond","adult standards",1969,63,13,53,-16,24,58,204,61,3,78,1960
"77",4,"Yesterday - Remastered 2009","The Beatles","british invasion",1965,97,18,33,-12,9,32,126,88,3,78,1960
"78",5,"Can't Help Falling in Love","Elvis Presley","adult standards",1961,100,29,40,-14,11,34,182,94,3,78,1960
"79",6,"Fly Me To The Moon (In Other Words)","Frank Sinatra","adult standards",1962,119,26,67,-14,6,37,147,45,5,76,1960
"80",7,"I Want To Hold Your Hand - Remastered 2015","The Beatles","british invasion",2000,131,72,49,-6,31,87,146,39,5,74,2000
"81",8,"White Room","Cream","album rock",1968,110,58,55,-13,4,46,298,19,3,73,1960
"82",9,"Put Your Head On My Shoulder","Paul Anka","adult standards",2000,116,34,55,-9,10,47,155,75,3,72,2000
"83",10,"Build Me Up Buttercup","The Foundations","brill building pop",1968,134,51,66,-7,28,85,178,31,3,72,1960
"84",11,"My Way","Frank Sinatra","adult standards",1969,75,38,40,-7,12,23,277,70,3,72,1960
"85",12,"Surfin' U.S.A. - Remastered","The Beach Boys","baroque pop",1963,159,85,55,-6,11,97,149,66,4,71,1960
"86",13,"Pinball Wizard","The Who","album rock",1969,124,72,54,-9,26,47,181,2,4,69,1960
"87",14,"L-O-V-E","Nat King Cole","adult standards",1992,78,37,43,-8,8,66,155,68,8,68,1990
"88",15,"Please Mr. Postman","The Marvelettes","brill building pop",1961,122,78,79,-5,18,97,148,73,3,68,1960
"89",16,"Hey Jude - Remastered 2009","The Beatles","british invasion",1973,145,55,40,-10,9,67,431,3,3,67,1970
"90",17,"Back In The U.S.S.R. - Remastered 2009","The Beatles","british invasion",1968,142,97,48,-7,6,49,163,7,9,66,1960
"91",18,"Suite: Judy Blue Eyes - Remastered","Crosby Stills & Nash","album rock",1969,154,36,45,-13,20,30,444,47,4,66,1960
"92",19,"Waterloo Sunset - Mono Mix","The Kinks","album rock",1967,108,69,51,-7,17,42,194,16,2,65,1960
"93",20,"Baby I Need Your Loving","Four Tops","adult standards",1965,121,69,63,-6,19,65,166,44,4,63,1960
"94",21,"Heart Full of Soul","The Yardbirds","album rock",2002,141,67,49,-10,5,70,148,23,4,62,2000
"95",22,"Gloria - Stereo Version","Them","blues rock",2015,129,70,64,-10,10,72,157,40,5,62,2010
"96",23,"It Takes Two","Marvin Gaye","classic soul",1966,151,48,52,-11,8,81,178,21,5,62,1960
"97",24,"This Will Be Our Year","The Zombies","art rock",1968,98,42,54,-7,19,54,128,63,3,61,1960
"98",25,"Take Good Care Of My Baby - 1990 Remastered","Bobby Vee","adult standards",2011,82,43,49,-12,12,66,151,70,6,60,2010
"99",26,"Hey! Baby - Remastered","Bruce Channel","rock-and-roll",2017,64,62,52,-6,27,64,144,36,4,60,2010
"100",27,"Comment te dire adieu - It Hurts to Say Goodbye","Françoise Hardy","chanson",2005,124,45,73,-12,11,84,146,20,6,59,2000
"101",28,"Rhythm of the Rain","The Cascades","adult standards",1963,117,66,66,-8,14,67,146,63,4,59,1960
"102",29,"What Becomes Of The Brokenhearted","Jimmy Ruffin","brill building pop",1989,99,42,72,-13,57,60,176,62,3,59,1980
"103",30,"Friday On My Mind","The Easybeats","australian rock",1965,95,99,37,-1,9,51,163,38,8,59,1960
"104",31,"Today","Jefferson Airplane","art rock",1967,90,31,51,-14,13,29,178,70,3,59,1960
"105",32,"Always See Your Face","Love","art rock",1969,110,58,57,-13,6,92,209,38,3,58,1960
"106",33,"Astral Weeks - 1999 Remaster","Van Morrison","classic rock",1968,81,35,45,-15,14,61,426,54,3,58,1960
"107",34,"Both Sides Now","Joni Mitchell","canadian folk",1969,97,16,62,-15,14,33,275,91,3,58,1960
"108",35,"Tous les garçons et les filles - Slow","Françoise Hardy","chanson",1962,108,37,74,-10,14,89,188,81,3,57,1960
"109",36,"Ferry Cross the Mersey - Stereo, 1997 Remaster","Gerry & The Pacemakers","adult standards",1997,105,29,40,-11,12,61,144,55,3,56,1990
"110",37,"Needles and Pins - Mono","The Searchers","adult standards",1964,124,95,56,-7,6,89,131,5,4,56,1960
"111",38,"Little Bit Of Rain","Karen Dalton","alternative country",1969,174,6,43,-22,10,36,157,93,4,56,1960
"112",39,"Young Girl","Gary Puckett & The Union Gap","adult standards",1968,119,54,41,-8,51,45,194,65,3,56,1960
"113",40,"Leaving Trunk","Taj Mahal","acoustic blues",1968,174,50,54,-11,17,95,290,20,5,55,1960
"114",41,"Dream A Little Dream Of Me","Ella Fitzgerald","adult standards",1963,72,7,28,-24,11,22,246,93,8,54,1960
"115",42,"The Old Man's Back Again (Dedicated To The Neo-Stalinist Regime)","Scott Walker","art pop",1969,91,45,42,-16,16,78,221,58,4,54,1960
"116",43,"Pictures of Matchstick Men - Mono Version","Status Quo","album rock",1968,173,60,24,-4,5,42,191,7,3,54,1960
"117",44,"No Sugar Tonight / New Mother Nature","The Guess Who","album rock",2000,101,83,51,-9,31,52,294,56,4,54,2000
"118",45,"I'm Gonna Make You Love Me","Diana Ross & The Supremes","classic girl group",1968,98,39,64,-12,26,43,187,39,4,54,1960
"119",46,"Silence Is Golden","The Tremeloes","adult standards",1997,112,56,44,-7,24,58,191,6,3,53,1990
"120",47,"Can't Take My Eyes Off You","Frankie Valli","adult standards",2017,124,78,58,-7,8,56,204,51,6,53,2010
"121",48,"You Ain't Goin' Nowhere","The Byrds","art rock",1968,132,43,51,-14,76,70,153,11,4,53,1960
"122",49,"Everybody Knows This Is Nowhere - 2009 Remaster","Neil Young","album rock",1969,158,64,52,-9,42,85,149,2,3,52,1960
"123",50,"Everybody Needs Somebody To Love - Long Version","The Rolling Stones","album rock",1965,178,73,53,-8,11,80,303,26,7,52,1960
"124",51,"The Sun Ain't Gonna Shine Anymore","The Walker Brothers","brill building pop",1998,111,68,38,-7,24,43,195,22,4,52,1990
"125",52,"What the World Needs Now Is Love","Dionne Warwick","adult standards",2016,112,36,57,-10,14,40,190,92,4,51,2010
"126",53,"Everlasting Love","Love Affair","bubblegum pop",2012,121,60,50,-10,49,81,182,26,4,51,2010
"127",54,"Itchycoo Park (Mono Version) - 2012 Remaster","Small Faces","art rock",1967,127,56,61,-10,12,56,167,58,7,51,1960
"128",55,"Here Comes the Night","Them","blues rock",2015,99,58,64,-9,16,96,167,44,3,50,2010
"129",56,"Surf City","Jan & Dean","brill building pop",2010,148,81,53,-13,23,96,147,50,3,50,2010
"130",57,"Crying","Roy Orbison","adult standards",2017,97,47,23,-6,32,21,179,57,3,49,2010
"131",58,"You'll Never Walk Alone","Gerry & The Pacemakers","adult standards",2017,114,43,45,-6,22,29,160,42,3,49,2010
"132",59,"Everybody Loves Somebody","Dean Martin","adult standards",2014,119,41,50,-12,35,46,164,86,4,49,2010
"133",60,"Spanish Eyes","Al Martino","adult standards",1977,109,49,51,-9,9,49,167,36,3,49,1970
"134",61,"I Walk on Guilded Splinters","Dr. John","blues",1968,90,29,65,-19,9,71,466,56,8,48,1960
"135",62,"Goin' Back","The Byrds","art rock",1968,116,45,50,-10,12,55,206,36,3,47,1960
"136",63,"Isfahan","Duke Ellington","adult standards",1967,173,7,25,-14,10,9,246,98,3,47,1960
"137",64,"Hot Burrito #1","The Flying Burrito Brothers","alternative country",1969,157,43,40,-13,17,35,217,1,3,46,1960
"138",65,"Over Under Sideways Down - The Mono Album","The Yardbirds","album rock",1966,97,86,53,-11,31,39,143,29,8,46,1960
"139",66,"Honey","Bobby Goldsboro","adult standards",2008,93,35,50,-10,24,53,241,30,3,46,2000
"140",67,"Everybody's Talkin'","Fred Neil","american folk revival",1998,120,30,67,-13,15,57,165,52,3,46,1990
"141",68,"She'd Rather Be With Me","The Turtles","brill building pop",1967,124,78,49,-11,15,94,142,27,3,46,1960
"142",69,"Indian Reservation (The Lament of the Cherokee Reservation Indian)","Paul Revere & The Raiders","brill building pop",1971,132,39,64,-13,9,21,172,28,8,46,1970
"143",70,"Locomotive","Thelonious Monk","bebop",1967,112,44,67,-11,13,70,400,78,4,46,1960
"144",71,"Rag Doll","Frankie Valli & The Four Seasons","adult standards",2003,121,53,50,-8,7,61,182,76,4,45,2000
"145",72,"Telstar","The Tornados","british invasion",1962,146,75,20,-7,38,63,195,0,4,45,1960
"146",73,"So Much In Love","The Tymes","beach music",1963,76,49,55,-10,45,44,140,79,3,45,1960
"147",74,"This Eve of Parting","John Hartford","appalachian folk",2018,115,46,56,-12,21,34,153,18,3,44,2010
"148",75,"Trouble Every Day","Frank Zappa","album rock",1966,121,78,31,-13,90,48,350,51,8,44,1960
"149",76,"No Time","The Guess Who","album rock",1971,128,48,48,-14,5,12,219,8,6,44,1970
"150",77,"The Game Of Love","Wayne Fontana & The Mindbenders","british invasion",1964,109,83,57,-4,19,96,127,9,3,43,1960
"151",78,"Ringo","Lorne Greene","cowboy western",1964,111,52,56,-13,22,65,214,86,31,43,1960
"152",79,"Black Christ of the Andes (St. Martin de Porres)","Mary Lou Williams","bebop",1964,89,7,20,-20,13,6,400,98,3,42,1960
"153",80,"Sheila","Tommy Roe","adult standards",1962,136,57,42,-9,6,48,127,28,11,42,1960
"154",81,"Walkin' Back to Happiness","Helen Shapiro","adult standards",2017,97,67,65,-9,17,83,150,66,8,42,2010
"155",82,"Barabajagal (with Jeff Beck Group)","Donovan","art rock",1969,100,57,67,-17,8,68,200,10,7,42,1960
"156",83,"On The Sunny Side Of The Ocean","John Fahey","drone folk",1965,116,73,48,-10,16,48,193,81,3,41,1960
"157",84,"Ca' the Yowes","Shirley & Dolly Collins","british folk",2008,80,7,32,-10,27,32,208,76,3,41,2000
"158",85,"Mr. Soul","Buffalo Springfield","blues rock",1969,135,55,67,-13,4,96,172,10,3,41,1960
"159",86,"My Spiritual Indian","Eddie Palmieri","boogaloo",1969,121,92,48,-6,7,50,400,58,8,41,1960
"160",87,"Myself When I Am Real","Charles Mingus","avant-garde jazz",1963,81,19,32,-17,8,10,456,99,4,41,1960
"161",88,"This Diamond Ring","Gary Lewis & The Playboys","adult standards",2011,133,61,63,-11,14,78,137,33,3,41,2010
"162",89,"Cry Like a Baby","The Box Tops","brill building pop",1968,133,47,67,-12,50,77,152,34,3,40,1960
"163",90,"Red Rubber Ball","The Cyrkle","brill building pop",2002,92,52,61,-10,9,79,139,43,3,39,2000
"164",91,"Lovely Sky Boat","Alice Coltrane","afropop",1968,119,43,34,-17,19,44,411,45,5,38,1960
"165",92,"The Ballad of Bonnie & Clyde","Georgie Fame","british blues",1968,107,47,71,-10,25,74,190,71,9,38,1960
"166",93,"A World Without Love","Peter And Gordon","brill building pop",2017,130,66,51,-10,11,75,161,23,6,37,2010
"167",94,"Don't Break The Heart That Loves You","Connie Francis","adult standards",1996,73,41,39,-6,20,20,182,82,3,37,1990
"168",95,"Live Wire","The Meters","afrobeat",1969,114,77,68,-12,17,96,160,27,4,36,1960
"169",96,"Laugh Laugh","The Beau Brummels","brill building pop",2006,129,68,49,-9,10,75,177,30,5,30,2000
"170",97,"Peppermint Twist Pt.1","Joey Dee","australian talent show",2019,199,73,42,-11,73,72,122,37,14,30,2010
"171",1,"Bohemian Rhapsody - 2011 Mix","Queen","glam rock",1975,71,40,41,-10,30,22,354,27,5,84,1970
"172",2,"Highway to Hell","AC/DC","album rock",1979,116,91,57,-5,16,42,208,6,13,83,1970
"173",3,"Don't Stop Me Now - 2011 Mix","Queen","glam rock",1978,156,87,56,-5,78,61,209,5,17,82,1970
"174",4,"Rocket Man (I Think It's Going To Be A Long Long Time)","Elton John","glam rock",1972,137,53,60,-9,9,34,282,43,3,81,1970
"175",5,"We Will Rock You - Remastered","Queen","glam rock",1977,81,50,69,-7,26,48,122,68,12,79,1970
"176",6,"Let It Be - Remastered 2009","The Beatles","british invasion",1970,143,40,44,-8,11,41,243,63,3,79,1970
"177",7,"Mr. Blue Sky","Electric Light Orchestra","album rock",1977,178,34,39,-10,25,48,303,65,3,79,1970
"178",8,"Tiny Dancer","Elton John","glam rock",1971,145,43,41,-11,15,28,377,38,3,79,1970
"179",9,"Dreams - 2004 Remaster","Fleetwood Mac","album rock",1977,120,49,83,-10,13,79,258,6,3,79,1970
"180",10,"I Was Made For Lovin' You","KISS","album rock",1979,128,85,77,-6,7,87,271,21,4,78,1970
"181",11,"Immigrant Song - Remaster","Led Zeppelin","album rock",1970,113,93,56,-10,35,62,146,1,6,77,1970
"182",12,"Imagine - Remastered","John Lennon","album rock",1971,76,26,55,-12,9,17,188,91,3,77,1970
"183",13,"How Deep Is Your Love","Bee Gees","adult standards",1979,105,36,63,-9,13,67,245,11,3,77,1970
"184",14,"We Are The Champions - Remastered 2011","Queen","glam rock",1977,64,46,27,-7,12,18,179,38,3,76,1970
"185",15,"Don't Go Breaking My Heart","Elton John","glam rock",1975,131,84,73,-9,6,78,275,15,3,75,1970
"186",16,"Somebody To Love - 2011 Mix","Queen","glam rock",1976,109,70,41,-7,23,33,296,19,6,75,1970
"187",17,"Rock And Roll All Nite","KISS","album rock",1975,145,93,65,-6,5,90,169,5,10,75,1970
"188",18,"Listen to the Music","The Doobie Brothers","album rock",1972,106,60,65,-13,7,91,227,22,3,75,1970
"189",19,"Take It Easy - 2013 Remaster","Eagles","album rock",1972,139,67,57,-10,13,74,212,34,3,75,1970
"190",20,"Smoke On The Water - Remastered 2012","Deep Purple","album rock",1972,114,68,60,-9,11,81,341,13,3,75,1970
"191",21,"Gimme! Gimme! Gimme! (A Man After Midnight)","ABBA","europop",1979,120,49,75,-10,16,54,293,2,4,74,1970
"192",22,"Love Of My Life - Remastered 2011","Queen","glam rock",1975,154,18,33,-12,12,26,217,93,3,74,1970
"193",23,"Father And Son","Yusuf / Cat Stevens","british folk",1970,136,33,50,-11,10,40,221,59,3,74,1970
"194",24,"Rebel Rebel - 2016 Remaster","David Bowie","album rock",1974,126,69,64,-16,28,46,275,21,5,74,1970
"195",25,"You're The One That I Want - From â€œGreaseâ€","John Travolta","hollywood",1978,107,61,76,-11,10,82,170,28,6,74,1970
"196",26,"The Boys Are Back In Town","Thin Lizzy","album rock",1976,81,71,45,-10,21,77,267,23,5,74,1970
"197",27,"Brandy (You're a Fine Girl)","Looking Glass","soft rock",1972,125,63,72,-11,13,83,187,40,6,73,1970
"198",28,"Starman - 2012 Remaster","David Bowie","album rock",1972,100,45,49,-10,54,55,254,17,3,73,1970
"199",29,"Mamma Mia","ABBA","europop",1975,138,75,75,-7,47,83,213,30,3,72,1970
"200",30,"Life in the Fast Lane - 2013 Remaster","Eagles","album rock",1976,110,76,67,-7,5,88,286,10,7,72,1970
"201",31,"Rock with You - Single Version","Michael Jackson","pop",1979,114,54,81,-13,16,85,221,18,4,72,1970
"202",32,"Another Brick In The Wall Pt. 2 - 2011 Remastered Version","Pink Floyd","album rock",1979,104,39,69,-16,25,72,239,8,4,72,1970
"203",33,"YMCA - Original Version 1978","Village People","disco",1978,127,97,72,-5,12,73,287,6,14,71,1970
"204",34,"Take Me Home Country Roads","John Denver","adult standards",1971,82,40,46,-9,12,63,190,76,3,70,1970
"205",35,"Reelin' In The Years","Steely Dan","album rock",1972,135,76,52,-10,11,71,275,12,4,70,1970
"206",36,"Mandy","Barry Manilow","adult standards",1974,104,46,31,-9,14,32,213,42,3,69,1970
"207",37,"Everything I Own","Bread","adult standards",1972,79,34,37,-13,10,45,187,74,3,69,1970
"208",38,"Sailing","Rod Stewart","adult standards",1975,129,37,43,-10,32,19,278,37,3,68,1970
"209",39,"Detroit Rock City","KISS","album rock",1978,91,90,55,-7,29,46,216,4,7,68,1970
"210",40,"Let Your Love Flow","The Bellamy Brothers","country",1976,109,55,68,-15,14,95,199,6,3,68,1970
"211",41,"You Ain't Seen Nothing Yet","Bachman-Turner Overdrive","album rock",1974,118,44,48,-15,22,76,235,0,4,68,1970
"212",42,"Are You Ready For Love? - Remastered","Elton John","glam rock",2017,117,75,80,-5,11,75,212,25,3,67,2010
"213",43,"Guilty (feat. Barry Gibb)","Barbra Streisand","adult standards",1980,151,43,63,-16,11,95,264,23,4,67,1980
"214",44,"Fat Bottomed Girls - 2011 Remaster","Queen","glam rock",1978,89,68,33,-8,34,42,256,3,5,67,1970
"215",45,"Love Really Hurts Without You","Billy Ocean","dance rock",2016,141,90,52,-4,10,96,179,0,3,66,2010
"216",46,"Your Song","Elton John","glam rock",1990,128,33,55,-11,11,30,241,78,3,66,1990
"217",47,"Here You Come Again","Dolly Parton","classic country pop",1977,106,51,53,-9,4,56,179,65,4,66,1970
"218",48,"Move On Up","Curtis Mayfield","chicago soul",1970,139,97,54,-6,12,93,166,42,9,66,1970
"219",49,"Waterloo","ABBA","europop",1974,148,95,45,-5,9,65,169,40,5,66,1970
"220",50,"A Song for You","Donny Hathaway","chicago soul",1971,88,22,32,-13,25,7,326,82,4,65,1970
"221",51,"Evergreen (Love Theme from, ""A Star Is Born"")","Barbra Streisand","adult standards",1976,114,30,34,-11,9,19,185,93,3,65,1970
"222",52,"Dancing Queen","ABBA","europop",2008,101,93,51,-4,56,68,231,17,5,65,2000
"223",53,"Can't You See","The Marshall Tucker Band","album rock",1973,164,71,41,-5,11,58,365,28,3,65,1970
"224",54,"Won't Get Fooled Again - Original Album Version","The Who","album rock",1971,135,92,69,-6,8,23,511,30,6,65,1970
"225",55,"Bennie And The Jets - Remastered 2014","Elton John","glam rock",1973,133,67,67,-8,50,78,323,26,5,65,1970
"226",56,"Sunny","Boney M.","disco",1976,122,87,65,-6,13,80,242,9,11,64,1970
"227",57,"It's A Shame","The Spinners","classic soul",1970,199,64,37,-12,12,71,190,9,6,64,1970
"228",58,"Voulez-Vous","ABBA","europop",1979,127,77,71,-7,17,90,309,15,4,63,1970
"229",59,"Goodbye Yellow Brick Road - Remastered 2014","Elton John","glam rock",1973,121,47,56,-8,15,40,193,45,3,63,1970
"230",60,"Since You Been Gone","Rainbow","album rock",1997,121,60,73,-10,60,94,198,37,4,63,1990
"231",61,"Sorry Seems To Be The Hardest Word","Elton John","glam rock",1976,118,22,37,-13,20,11,229,83,3,62,1970
"232",62,"You To Me Are Everything","The Real Thing","brit funk",1999,102,91,64,-8,8,82,210,23,10,62,1990
"233",63,"Please Mr. Postman","Carpenters","adult standards",1975,133,55,66,-12,24,96,173,14,3,62,1970
"234",64,"Stumblin' In - 2017 Remaster","Suzi Quatro","classic uk pop",1978,129,72,76,-11,35,92,240,13,3,61,1970
"235",65,"Lady Writer","Dire Straits","album rock",1979,148,81,63,-9,7,96,225,10,3,61,1970
"236",66,"Knowing Me Knowing You","ABBA","europop",1976,107,73,55,-7,24,91,242,4,3,61,1970
"237",67,"Ophelia - Remastered 2000","The Band","album rock",1975,92,68,83,-7,33,95,213,68,3,61,1970
"238",68,"I Will Survive - Extended Version","Gloria Gaynor","disco",2019,116,85,76,-5,27,59,197,6,5,61,2010
"239",69,"Sweet Virginia","The Rolling Stones","album rock",1972,107,74,48,-5,26,56,267,50,4,60,1970
"240",70,"The Way We Were","Barbra Streisand","adult standards",1974,138,32,26,-12,13,17,211,89,3,60,1970
"241",71,"September Earth"," Wind & Fire","disco",2014,126,83,69,-7,25,98,215,17,3,60,2010
"242",72,"Doctor Doctor - 2007 Remaster","UFO","album rock",1974,143,80,30,-7,50,56,252,0,5,60,1970
"243",73,"Ain't No Mountain High Enough","Diana Ross","adult standards",2017,99,79,39,-5,38,38,215,19,4,60,2010
"244",74,"Baby Come Back","Player","soft rock",2007,157,57,65,-11,12,56,214,5,11,59,2000
"245",75,"Boulder to Birmingham - Remastered","Emmylou Harris","country rock",1975,126,32,48,-11,10,31,213,78,3,59,1970
"246",76,"S.O.S.","ABBA","europop",1975,125,71,42,-6,29,58,202,25,3,59,1970
"247",77,"Now That We Found Love","The O'Jays","classic soul",1973,114,65,72,-8,27,96,281,25,4,59,1970
"248",78,"Fire on the Mountain","The Marshall Tucker Band","album rock",1975,102,83,51,-6,16,57,236,11,4,58,1970
"249",79,"Lost in Music","Sister Sledge","dance pop",1979,114,84,76,-8,10,85,287,5,3,58,1970
"250",80,"You Make Me Feel Like Dancing","Leo Sayer","adult standards",1976,96,73,73,-5,11,71,221,8,5,57,1970
"251",81,"The Boss","Diana Ross","adult standards",1979,124,91,64,-4,21,83,241,24,5,57,1970
"252",82,"Come and Get Your Love","Redbone","native american",2003,106,79,67,-6,8,85,300,13,5,56,2000
"253",83,"Moviestar","Harpo","classic uk pop",1976,119,79,55,-8,33,71,202,29,3,56,1970
"254",84,"Easy Livin'","Uriah Heep","album rock",1972,161,84,26,-7,28,46,157,0,10,56,1970
"255",85,"Three Times A Lady","Commodores","adult standards",2008,151,13,37,-17,14,20,215,94,3,56,2000
"256",86,"Living Next Door to Alice","Smokie","classic uk pop",1975,126,40,59,-15,25,78,208,11,4,56,1970
"257",87,"Dancing In The Moonlight","King Harvest","soft rock",1973,136,72,65,-5,41,68,178,68,4,56,1970
"258",88,"You Are Everything","Diana Ross","adult standards",1973,150,53,52,-10,14,50,190,3,5,56,1970
"259",89,"I Want You","Marvin Gaye","classic soul",1976,101,79,52,-10,24,74,274,85,3,56,1970
"260",90,"Love Comes To Everyone - 2004 Mix","George Harrison","album rock",1979,107,68,72,-9,5,51,276,7,4,55,1970
"261",91,"Rock Your Baby","George McCrae","disco",2001,104,77,59,-11,7,95,201,31,4,55,2000
"262",92,"The Shape I'm In - Remastered 2000","The Band","album rock",1970,128,67,72,-8,30,96,241,24,4,54,1970
"263",93,"Midnight Train to Georgia - Short Version","Gladys Knight & The Pips","adult standards",1973,177,42,44,-10,19,39,199,7,8,53,1970
"264",94,"Daddy Cool","Boney M.","disco",1994,125,63,75,-12,23,96,206,25,4,53,1990
"265",95,"Sad Eyes - Remastered","Robert John","soft rock",2002,107,46,43,-7,13,69,253,60,3,53,2000
"266",96,"I Feel Love - Edit","Donna Summer","dance pop",2018,126,91,66,-9,8,94,227,3,4,52,2010
"267",97,"Just Got Paid","ZZ Top","album rock",1972,100,69,57,-11,12,63,267,29,4,52,1970
"268",98,"Killer Queen - 2011 Mix","Queen","glam rock",1974,117,65,54,-6,13,61,180,39,5,51,1970
"269",99,"I'd Really Love to See You Tonight - 2012 Collection Remaster","England Dan","adult standards",2012,119,77,58,-5,17,67,158,20,3,50,2010
"270",100,"I Got Lucky","Elvis Presley","adult standards",1971,93,39,73,-12,20,96,116,84,4,49,1970
"271",101,"Baretta's Theme","Sammy Davis Jr.","adult standards",2002,105,91,64,-8,28,69,146,35,6,48,2000
"272",102,"One of These Days","Emmylou Harris","country rock",1975,125,39,66,-9,12,68,184,45,3,46,1970
"273",103,"My Heart Belongs to Me","Barbra Streisand","adult standards",1977,139,21,27,-16,18,30,201,74,3,44,1970
"274",104,"Telegram Sam","T. Rex","album rock",1972,123,94,52,-4,9,44,226,2,12,40,1970
"275",1,"Livin' On A Prayer","Bon Jovi","glam metal",1986,123,89,53,-4,29,80,249,8,3,83,1980
"276",2,"Africa","TOTO","album rock",1982,93,37,67,-18,5,73,296,26,3,83,1980
"277",3,"Another One Bites The Dust - Remastered 2011","Queen","glam rock",1980,110,53,93,-6,16,75,215,11,16,82,1980
"278",4,"Break My Stride","Matthew Wilder","new wave pop",1983,110,59,92,-11,9,83,184,20,6,81,1980
"279",5,"I Wanna Dance with Somebody (Who Loves Me)","Whitney Houston","dance pop",1987,119,82,71,-9,9,87,291,21,5,80,1980
"280",6,"Summer Of '69","Bryan Adams","album rock",1984,139,83,51,-6,7,77,216,2,4,80,1980
"281",7,"You Give Love A Bad Name","Bon Jovi","glam metal",1986,123,96,54,-3,34,81,223,7,5,80,1980
"282",8,"Everybody Wants To Rule The World","Tears For Fears","dance rock",1985,112,80,65,-12,10,54,251,35,5,80,1980
"283",9,"I'm Still Standing","Elton John","glam rock",1983,177,90,50,-7,14,77,183,36,18,79,1980
"284",10,"Last Christmas","Wham!","dance rock",2019,108,58,74,-9,18,94,265,19,3,78,2010
"285",11,"Uptown Girl","Billy Joel","album rock",1983,129,94,70,-3,60,79,198,7,5,77,1980
"286",12,"Radio Ga Ga - 2011 Mix","Queen","glam rock",1984,112,50,74,-8,19,66,348,18,4,76,1980
"287",13,"Heaven","Bryan Adams","album rock",1984,140,59,38,-7,12,34,243,5,3,76,1980
"288",14,"9 to 5","Dolly Parton","classic country pop",1980,105,78,55,-6,63,81,162,42,5,76,1980
"289",15,"Eye of the Tiger","Survivor","album rock",1985,109,60,82,-9,9,55,246,13,3,76,1980
"290",16,"Right Here Waiting","Richard Marx","mellow gold",1989,178,25,40,-14,10,13,264,80,3,75,1980
"291",17,"Listen to Your Heart","Roxette","europop",1988,86,58,54,-5,11,34,328,11,3,75,1980
"292",18,"Born in the U.S.A.","Bruce Springsteen","classic rock",1984,122,95,40,-6,10,58,279,0,6,75,1980
"293",19,"Pour Some Sugar On Me - Remastered 2017","Def Leppard","album rock",1987,85,95,27,-5,28,57,267,0,10,74,1980
"294",20,"Against All Odds (Take a Look at Me Now) - 2016 Remaster","Phil Collins","mellow gold",2016,116,50,58,-7,13,11,206,20,3,74,2010
"295",21,"Maniac","Michael Sembello","hi-nrg",1983,159,53,62,-12,4,84,245,9,7,73,1980
"296",22,"Hungry Eyes","Eric Carmen","adult standards",1997,110,55,71,-9,12,55,251,1,3,73,1990
"297",23,"Panama - 2015 Remaster","Van Halen","album rock",1984,141,98,53,-5,7,46,210,0,11,73,1980
"298",24,"Forever Young","Alphaville","dance rock",1984,137,48,49,-9,24,33,227,42,3,73,1980
"299",25,"I Love Rock 'N Roll","Joan Jett & The Blackhearts","glam punk",1981,94,72,54,-5,66,90,175,33,4,72,1980
"300",26,"Sacrifice","Elton John","glam rock",1989,113,42,76,-13,4,49,304,2,3,72,1980
"301",27,"Material Girl","Madonna","dance pop",2009,137,88,74,-3,10,98,240,33,3,72,2000
"302",28,"The Winner Takes It All","ABBA","europop",1980,126,79,45,-7,9,52,295,57,4,72,1980
"303",29,"Smalltown Boy","Bronski Beat","dance rock",1984,135,58,69,-11,12,94,302,29,3,71,1980
"304",30,"The Best - Edit","Tina Turner","disco",1991,104,83,68,-6,21,82,250,1,3,71,1990
"305",31,"(I Just) Died In Your Arms","Cutting Crew","album rock",1986,125,73,63,-11,6,51,280,2,4,71,1980
"306",32,"Brothers In Arms","Dire Straits","album rock",1985,79,30,41,-14,18,14,424,53,3,71,1980
"307",33,"Glory of Love","Peter Cetera","adult standards",1986,145,59,52,-8,31,31,258,8,3,71,1980
"308",34,"Super Trouper","ABBA","europop",1980,118,63,76,-8,20,96,253,46,3,70,1980
"309",35,"Flashdance...What a Feeling - Radio Edit","Irene Cara","dance rock",1983,122,65,57,-7,9,40,237,1,3,70,1980
"310",36,"Every Time You Go Away - Radio Edit","Paul Young","album rock",1991,164,72,57,-9,22,84,267,19,4,70,1990
"311",37,"Self Control","Laura Branigan","dance rock",1984,107,69,81,-12,16,78,246,22,3,70,1980
"312",38,"Say You Say Me","Lionel Richie","adult standards",1986,128,41,64,-11,8,26,241,36,3,70,1980
"313",39,"Heaven Is a Place on Earth","Belinda Carlisle","dance pop",2013,123,85,64,-8,5,79,247,2,3,70,2010
"314",40,"I Want To Break Free - Remastered 2011","Queen","glam rock",1984,109,41,88,-11,12,78,199,8,4,70,1980
"315",41,"Arthur's Theme (Best That You Can Do)","Christopher Cross","adult standards",1981,137,52,53,-11,18,52,234,17,4,70,1980
"316",42,"Carrie","Europe","album rock",1986,137,49,46,-7,36,14,272,11,3,70,1980
"317",43,"We Are The World","U.S.A. For Africa","",1985,73,45,53,-15,7,29,427,19,4,69,1980
"318",44,"Stuck On You","Lionel Richie","adult standards",1983,132,32,51,-16,9,25,192,62,3,69,1980
"319",45,"Hurts So Good","John Mellencamp","album rock",1982,125,74,79,-5,11,97,219,4,4,69,1980
"320",46,"How Am I Supposed to Live Without You","Michael Bolton","adult standards",1989,140,44,54,-12,11,23,256,19,3,69,1980
"321",47,"Hysteria","Def Leppard","album rock",1987,107,85,66,-6,20,66,355,3,3,68,1980
"322",48,"Nikita","Elton John","glam rock",1985,87,66,63,-9,7,75,343,12,3,68,1980
"323",49,"Dancing With Myself","Billy Idol","album rock",1985,177,70,51,-11,30,91,360,2,8,68,1980
"324",50,"I'll Be Over You","TOTO","album rock",1986,82,28,52,-18,26,41,230,6,3,68,1980
"325",51,"Kids In America","Kim Wilde","dance pop",1981,160,78,56,-4,12,31,206,10,5,68,1980
"326",52,"St. Elmos Fire (Man in Motion)","John Parr","album rock",1985,111,60,61,-11,22,47,252,15,3,68,1980
"327",53,"One More Night - 2016 Remaster","Phil Collins","mellow gold",1985,136,44,53,-9,10,34,289,79,3,68,1980
"328",54,"Come On Eileen","Dexys Midnight Runners","bow pop",2009,107,87,41,-4,8,82,206,20,9,68,2000
"329",55,"Where Do Broken Hearts Go","Whitney Houston","dance pop",1987,62,39,46,-12,7,25,278,63,3,67,1980
"330",56,"Guilty (feat. Barry Gibb)","Barbra Streisand","adult standards",1980,151,43,63,-16,11,95,264,23,4,67,1980
"331",57,"Brother Louie","Modern Talking","eurodance",1986,109,84,78,-9,14,83,223,40,5,67,1980
"332",58,"Running Up That Hill (A Deal With God)","Kate Bush","art pop",1985,108,55,63,-13,6,20,299,72,6,67,1980
"333",59,"End Of The Line","Traveling Wilburys","album rock",1988,167,84,58,-7,6,93,210,16,5,67,1980
"334",60,"Every Breath You Take","The Police","album rock",2017,117,48,82,-9,8,72,252,56,3,67,2010
"335",61,"Up Where We Belong - From ""An Officer And A Gentleman""","Joe Cocker","album rock",2000,140,31,63,-12,7,24,233,61,3,67,2000
"336",62,"Woman in Love","Barbra Streisand","adult standards",1980,170,28,47,-16,13,33,232,25,3,67,1980
"337",63,"Cheri Cheri Lady","Modern Talking","eurodance",1985,114,62,68,-14,35,85,226,46,3,66,1980
"338",64,"Higher Love - Single Version","Steve Winwood","album rock",2007,99,89,70,-7,50,92,252,6,4,66,2000
"339",65,"That's What Friends Are For","Dionne Warwick","adult standards",1985,120,24,68,-16,7,17,256,51,3,66,1980
"340",66,"Gloria","Laura Branigan","dance rock",1995,131,87,78,-4,15,88,295,14,3,66,1990
"341",67,"Slave To Love","Bryan Ferry","album rock",1985,148,82,66,-6,5,79,266,18,3,66,1980
"342",68,"Now And Forever","Richard Marx","mellow gold",1994,78,26,44,-11,11,17,215,66,3,65,1990
"343",69,"Big in Japan","Alphaville","dance rock",1984,98,41,75,-15,34,24,286,7,4,65,1980
"344",70,"Only You","Yazoo","dance rock",1982,106,31,75,-17,8,85,194,33,4,65,1980
"345",71,"Valerie","Steve Winwood","album rock",1982,116,53,72,-11,8,73,247,57,3,65,1980
"346",72,"Blue Monday '88","New Order","alternative rock",1994,130,89,68,-8,6,95,245,0,4,65,1990
"347",73,"Gold","Spandau Ballet","dance rock",2000,143,74,71,-8,10,64,231,26,4,65,2000
"348",74,"Nothing's Gonna Change My Love For You","Glenn Medeiros","soft rock",1986,142,43,45,-13,6,39,232,57,4,64,1980
"349",75,"Sledgehammer","Peter Gabriel","album rock",1986,96,69,66,-5,4,42,314,2,3,64,1980
"350",76,"Rhythm Of The Night","DeBarge","disco",1985,115,76,71,-12,8,96,229,8,5,64,1980
"351",77,"Jessie's Girl","Rick Springfield","album rock",1981,132,59,72,-14,10,85,194,33,5,64,1980
"352",78,"It's Raining Men","The Weather Girls","disco",1996,136,93,68,-6,70,61,211,32,12,64,1990
"353",79,"Sunshine Reggae","Laid Back","classic danish pop",2008,168,79,70,-6,8,93,258,10,4,64,2000
"354",80,"Wonderful Life","Black","dance rock",1987,106,52,72,-12,21,82,288,71,3,64,1980
"355",81,"The Riddle","Nik Kershaw","dance rock",1984,102,66,58,-8,14,90,235,12,3,63,1980
"356",82,"Papa Don't Preach","Madonna","dance pop",1986,122,91,81,-9,2,97,345,31,4,63,1980
"357",83,"Didn't We Almost Have It All","Whitney Houston","dance pop",1987,131,49,54,-10,14,34,305,42,3,63,1980
"358",84,"All Right","Christopher Cross","adult standards",1983,133,65,71,-5,23,50,254,17,4,63,1980
"359",85,"Biggest Part of Me","Ambrosia","adult standards",1980,153,72,50,-8,35,88,324,24,5,63,1980
"360",86,"Save a Prayer - 2009 Remaster","Duran Duran","dance rock",1982,114,71,57,-9,16,67,333,35,3,62,1980
"361",87,"Baby Come To Me","Patti Austin","adult standards",1981,90,50,63,-12,14,70,215,55,8,62,1980
"362",88,"Fame - Rerecorded","Irene Cara","dance rock",2018,131,80,71,-7,8,94,319,7,3,62,2010
"363",89,"Hard Habit to Break - 2006 Remaster","Chicago","adult standards",1984,81,61,58,-6,17,40,284,45,3,61,1980
"364",90,"Rock You Like a Hurricane","Scorpions","album rock",2017,124,83,58,-6,32,67,254,0,4,61,2010
"365",91,"When the Children Cry","White Lion","album rock",1987,130,24,49,-14,7,38,259,67,3,61,1980
"366",92,"Is This Love - 2017 Remaster","Whitesnake","album rock",1987,180,79,33,-7,12,53,285,11,4,60,1980
"367",93,"I Knew You Were Waiting (For Me)","George Michael","new wave pop",1986,108,68,73,-11,31,68,242,27,4,60,1980
"368",94,"You Keep Me Hangin On","Kim Wilde","dance pop",1986,123,68,69,-12,14,71,255,8,3,60,1980
"369",95,"Dancing with Tears in My Eyes","Ultravox","art rock",1984,144,91,59,-8,60,93,244,15,4,59,1980
"370",96,"In The Army Now","Status Quo","album rock",2002,105,73,68,-8,14,94,281,11,2,59,2000
"371",97,"Here I Go Again - 2017 Remaster","Whitesnake","album rock",1987,90,85,38,-6,9,27,276,15,4,58,1980
"372",98,"Holiday","Madonna","dance pop",1983,118,70,81,-9,5,73,232,3,5,58,1980
"373",99,"I Think We're Alone Now","Tiffany","new wave pop",2008,130,89,65,-5,9,70,227,0,4,58,2000
"374",100,"Crockett's Theme - From ""Miami Vice II"" Soundtrack","Jan Hammer","jazz fusion",1991,191,39,41,-17,10,40,215,42,3,58,1990
"375",101,"Cold as Ice - 2008 Remaster","Foreigner","album rock",2008,131,71,55,-5,14,51,200,6,3,57,2000
"376",102,"Zulu Nation Throw Down","Afrika Bambaataa","bronx hip hop",2015,108,95,85,-4,10,91,433,76,19,50,2010
"377",103,"It's Only Love - 2008 Remaster","Simply Red","british soul",2008,92,88,67,-5,4,75,299,51,4,50,2000
"378",104,"Lucky Star","Madonna","dance pop",1983,117,81,80,-5,22,93,338,20,4,46,1980
"379",105,"Romeo - 2014 Remaster","Donna Summer","dance pop",1996,141,85,85,-8,11,96,199,3,4,43,1990
"380",1,"No Scrubs","TLC","atl hip hop",1999,93,68,74,-4,7,59,214,3,10,79,1990
"381",2,"I Want It That Way","Backstreet Boys","boy band",2001,99,70,69,-6,16,48,214,22,3,76,2000
"382",3,"It Wasn't Me","Shaggy","dance pop",2000,95,61,85,-5,31,65,228,6,7,76,2000
"383",4,"Because You Loved Me (Theme from ""Up Close and Personal"")","CÃ©line Dion","canadian pop",1996,120,47,61,-10,10,18,274,31,3,74,1990
"384",5,"Big Poppa - 2005 Remaster","The Notorious B.I.G.","east coast hip hop",1994,84,58,78,-7,14,76,253,43,27,74,1990
"385",6,"I Got 5 On It","Luniz","g funk",1995,174,71,60,-8,13,58,254,21,36,73,1990
"386",7,"Boom Boom Boom Boom!!","Vengaboys","bubblegum dance",2000,138,89,80,-7,3,97,202,1,4,73,2000
"387",8,"Everybody (Backstreet's Back) - Radio Edit","Backstreet Boys","boy band",1997,108,85,73,-4,27,61,225,4,4,73,1990
"388",9,"Bed Of Roses","Bon Jovi","glam metal",1992,165,60,31,-6,21,16,394,10,3,73,1990
"389",10,"Don't Look Back in Anger - Remastered","Oasis","britpop",1995,163,94,33,-3,15,33,290,7,6,73,1990
"390",11,"Always Be My Baby","Mariah Carey","dance pop",1995,79,53,65,-8,25,49,258,46,4,73,1990
"391",12,"Angels","Robbie Williams","dance pop",1997,150,59,43,-6,10,24,265,16,3,73,1990
"392",13,"Return of the Mack","Mark Morrison","british soul",1996,95,83,72,-5,16,61,213,1,11,72,1990
"393",14,"Pony","Ginuwine","dance pop",1999,142,61,75,-9,12,97,252,0,9,72,1990
"394",15,"Freed From Desire","Gala","eurodance",2007,129,86,70,-4,10,64,213,59,5,71,2000
"395",16,"Better Off Alone","Alice DJ","europop",2000,137,82,67,-9,29,76,218,0,6,71,2000
"396",17,"Hero","Mariah Carey","dance pop",1993,120,38,50,-9,12,18,258,74,3,71,1990
"397",18,"End Of The Road","Boyz II Men","boy band",1991,150,43,64,-9,6,53,351,7,2,71,1990
"398",19,"I'll Be Missing You (feat. 112)","Diddy","dance pop",2004,110,48,86,-9,59,93,302,5,6,71,2000
"399",20,"Forgot About Dre","Dr. Dre","g funk",1999,134,74,92,-1,16,62,222,8,8,71,1990
"400",21,"Fantasy","Mariah Carey","dance pop",1995,102,73,67,-8,12,80,243,14,4,70,1990
"401",22,"Sandstorm","Darude","eurodance",2000,136,97,53,-8,8,59,225,14,5,70,2000
"402",23,"Who Am I (What's My Name)?","Snoop Dogg","g funk",1993,97,83,69,-4,52,69,246,0,5,70,1990
"403",24,"Mr. Vain - Original Radio Edit","Culture Beat","bubblegum dance",1993,133,100,70,-8,12,39,257,7,4,69,1990
"404",25,"Spending My Time","Roxette","europop",1991,171,57,42,-5,13,22,276,24,3,69,1990
"405",26,"Let's Get Loud","Jennifer Lopez","dance pop",1999,131,94,82,-5,35,91,239,14,6,69,1990
"406",27,"The Rhythm of the Night","Corona","bubblegum dance",1994,128,81,69,-12,10,80,264,0,3,69,1990
"407",28,"The Power of Love","CÃ©line Dion","canadian pop",1993,140,52,55,-9,24,25,342,36,3,68,1990
"408",29,"Narcotic - Radio Edit","Liquido","german alternative rock",1998,102,61,62,-7,9,45,236,0,2,68,1990
"409",30,"Miami","Will Smith","hip hop",1997,108,53,88,-6,4,89,198,3,15,68,1990
"410",31,"Hypnotize - 2007 Remaster","The Notorious B.I.G.","east coast hip hop",2007,94,69,90,-4,29,63,230,18,28,68,2000
"411",32,"3AM","Matchbox Twenty","neo mellow",1996,108,67,52,-9,12,54,226,1,3,68,1990
"412",33,"High","Lighthouse Family","europop",1997,102,63,66,-9,13,59,308,11,3,68,1990
"413",34,"L'Amour Toujours","Gigi D'Agostino","eurodance",2011,139,73,62,-8,36,81,239,3,3,67,2010
"414",35,"Rhythm Is A Dancer - 7"" Edit","SNAP!","diva house",1992,124,75,79,-11,14,71,226,27,4,67,1990
"415",36,"Say My Name","Destiny's Child","dance pop",1999,67,68,52,-4,13,75,271,27,16,67,1990
"416",37,"Heal the World","Michael Jackson","pop",1991,81,49,53,-8,10,10,384,54,5,67,1990
"417",38,"The Boy Is Mine","Brandy","dance pop",1998,93,71,70,-7,32,76,295,54,4,66,1990
"418",39,"Weak","SWV","dance pop",1992,128,53,69,-11,7,57,292,11,4,66,1990
"419",40,"Walking in Memphis","Cher","dance pop",1995,129,68,70,-7,17,53,235,59,3,66,1990
"420",41,"Angel of Mine - Radio Mix","Monica","dance pop",1998,90,56,59,-7,22,21,250,0,2,66,1990
"421",42,"Picture Of You","Boyzone","boy band",1997,117,92,76,-6,37,88,206,10,4,65,1990
"422",43,"Beauty and the Beast - from the Soundtrack ""Beauty and the Beast""","CÃ©line Dion","canadian pop",1992,77,40,46,-10,13,12,249,64,3,65,1990
"423",44,"Run To You","Bryan Adams","album rock",1984,127,81,56,-6,29,64,233,1,3,65,1980
"424",45,"No Matter What","Boyzone","boy band",1998,93,42,70,-9,14,53,274,19,2,65,1990
"425",46,"Blue (Da Ba Dee) - Gabry Ponte Ice Pop Radio","Eiffel 65","bubblegum dance",1998,128,97,82,-11,39,77,284,26,6,64,1990
"426",47,"Dreams","Gabrielle","british soul",1993,99,47,75,-14,22,57,223,17,4,64,1990
"427",48,"Fading Like a Flower (Every Time You Leave)","Roxette","europop",1991,105,67,61,-6,22,32,231,20,3,64,1990
"428",49,"It's Not Right But It's Okay","Whitney Houston","dance pop",1998,128,80,81,-7,7,53,292,16,10,64,1990
"429",50,"Stay Another Day","East 17","boy band",1994,128,49,52,-8,19,44,267,58,3,63,1990
"430",51,"A Whole New World (Aladdin's Theme)","Peabo Bryson","adult standards",1993,108,32,52,-10,14,13,243,63,3,63,1990
"431",52,"Encore Une Fois - Future Breeze Edit","Sash!","bubblegum dance",1997,133,93,66,-7,19,84,221,1,4,62,1990
"432",53,"Incomplete","Sisqo","dance pop",1999,119,44,75,-8,14,27,274,28,8,62,1990
"433",54,"Sweet Dreams","La Bouche","bubblegum dance",2007,134,96,66,-6,9,83,205,8,5,62,2000
"434",55,"Juicy - 2007 Remaster","The Notorious B.I.G.","east coast hip hop",2007,96,82,87,-5,15,79,301,48,26,62,2000
"435",56,"Mysterious Girl - Radio Edit","Peter Andre","europop",2004,172,82,66,-6,30,86,217,14,21,62,2000
"436",57,"It's Gonna Be Me","*NSYNC","boy band",2000,165,87,64,-5,6,88,191,5,8,62,2000
"437",58,"I Have Nothing - Film Version","Whitney Houston","dance pop",2017,153,45,49,-9,9,17,296,76,3,61,2010
"438",59,"I Promised Myself","Nick Kamen","",1990,128,80,58,-12,3,69,241,0,3,61,1990
"439",60,"You","Ten Sharp","",1991,174,90,41,-8,19,67,273,43,3,61,1990
"440",61,"Relight My Fire (feat. Lulu)","Take That","boy band",1993,123,94,65,-7,10,93,252,4,5,61,1990
"441",62,"Get A Way","Maxx","bubblegum dance",1994,133,86,85,-10,5,60,227,3,4,60,1990
"442",63,"More And More - Single Version","Captain Hollywood Project","bubblegum dance",1993,126,85,66,-12,9,71,254,23,3,60,1990
"443",64,"Free - Mood II Swing Radio Edit","Ultra NatÃ©","deep house",1997,125,92,76,-6,4,74,233,0,4,60,1990
"444",65,"Circle of Life - From ""The Lion King""/Soundtrack Version","Elton John","glam rock",1994,161,39,30,-15,11,14,292,26,3,59,1990
"445",66,"Please Don't Go","Double You","eurodance",1992,120,84,71,-12,3,49,200,6,4,59,1990
"446",67,"Piu bella cosa","Eros Ramazzotti","italian pop",2014,110,79,67,-5,11,62,265,8,3,58,2010
"447",68,"When the Heartache Is Over","Tina Turner","disco",1999,115,77,69,-6,7,43,224,1,3,58,1990
"448",69,"Bailando","Paradisio","bubblegum dance",1997,133,94,65,-9,12,84,229,8,4,58,1990
"449",70,"Let There Be Love - 2002 Digital Remaster","Simple Minds","art rock",1991,88,88,49,-6,13,60,309,8,4,57,1990
"450",71,"I Will Always Love You - Film Version","Whitney Houston","dance pop",2017,133,28,34,-10,10,12,275,61,4,57,2010
"451",72,"I'll Be There","Mariah Carey","dance pop",1998,82,51,41,-10,93,30,264,70,3,56,1990
"452",73,"Don't Stop","ATB","german dance",1999,134,94,71,-5,32,57,221,15,4,56,1990
"453",74,"Das Boot","U96","bubble trance",1992,123,88,64,-8,25,33,314,1,7,56,1990
"454",75,"Hold On My Heart - 2007 Digital Remaster","Genesis","album rock",1991,172,36,46,-13,7,27,278,61,3,56,1990
"455",76,"Real Real Gone","Van Morrison","classic rock",1990,142,85,70,-7,19,95,221,38,3,56,1990
"456",77,"King Of My Castle - Roy Malone's King Mix","Wamdue Project","disco house",2009,125,54,87,-9,6,76,299,4,8,55,2000
"457",78,"Be With You","Enrique Iglesias","dance pop",1999,122,87,68,-5,5,54,219,4,3,55,1990
"458",79,"Ain't That Just the Way","Lutricia McNeal","",1996,174,65,74,-9,19,77,215,6,22,55,1990
"459",80,"Have You Ever - Radio Edit","Brandy","dance pop",2005,134,48,68,-7,30,23,215,60,4,54,2000
"460",81,"Gangsta's Paradise","Coolio","g funk",1995,80,63,64,-6,40,42,242,4,5,54,1990
"461",82,"Show Me Love","Robin S","disco house",2017,120,72,82,-6,8,56,254,1,13,53,2010
"462",83,"When I Look Into Your Eyes","Firehouse","album rock",2010,147,61,39,-8,16,25,240,0,3,53,2010
"463",84,"Insomnia - Radio Edit","Faithless","big beat",2010,127,92,71,-9,37,53,216,6,4,50,2010
"464",85,"If You Ever","East 17","boy band",1996,140,68,58,-9,31,57,255,18,3,48,1990
"465",86,"Pump Up The Jam","Technotronic","eurodance",2019,125,84,89,-9,5,72,320,1,7,46,2010
"466",87,"Doin' It","LL Cool J","east coast hip hop",1996,95,53,81,-12,12,62,294,34,19,46,1990
"467",88,"Please Forgive Me","Bryan Adams","album rock",2005,67,46,53,-7,10,15,356,50,3,43,2000
"468",1,"In the End","Linkin Park","alternative metal",2000,105,86,56,-6,21,40,217,1,6,83,2000
"469",2,"The Scientist","Coldplay","permanent wave",2002,146,44,56,-7,11,21,310,73,2,83,2000
"470",3,"Numb","Linkin Park","alternative metal",2003,110,86,50,-4,64,24,186,0,4,81,2000
"471",4,"Fix You","Coldplay","permanent wave",2005,138,42,21,-9,11,12,296,16,3,81,2000
"472",5,"Umbrella","Rihanna","barbadian pop",2008,174,83,58,-5,4,57,276,1,13,80,2000
"473",6,"Stronger","Kanye West","chicago rap",2007,104,72,62,-8,41,49,312,1,15,80,2000
"474",7,"The Real Slim Shady","Eminem","detroit hip hop",2000,105,66,95,-4,5,76,284,3,6,80,2000
"475",8,"Low (feat. T-Pain)","Flo Rida","dance pop",2008,128,61,92,-6,14,30,231,9,8,79,2000
"476",9,"American Boy","Estelle","r&b",2008,118,73,73,-3,7,51,285,17,33,79,2000
"477",10,"Yeah! (feat. Lil Jon & Ludacris)","Usher","atl hip hop",2004,105,79,89,-5,4,58,250,2,11,79,2000
"478",11,"Hall of Fame","The Script","celtic rock",2012,85,87,42,-4,12,63,203,7,6,78,2010
"479",12,"Party In The U.S.A.","Miley Cyrus","dance pop",2009,96,70,65,-5,9,47,202,0,4,78,2000
"480",13,"Candy Shop","50 Cent","east coast hip hop",2005,125,57,61,-8,38,76,209,3,47,78,2000
"481",14,"Fireflies","Owl City","pop",2009,180,66,51,-7,12,46,228,3,4,78,2000
"482",15,"Dynamite","Taio Cruz","dance pop",2010,120,78,75,-4,4,82,203,0,9,77,2010
"483",16,"So Sick","Ne-Yo","dance pop",2006,93,57,45,-8,19,58,207,25,31,77,2000
"484",17,"Take A Bow","Rihanna","barbadian pop",2008,82,47,70,-8,9,57,229,25,7,77,2000
"485",18,"Dilemma","Nelly","dance pop",2002,168,55,73,-8,20,61,289,23,14,77,2000
"486",19,"I Gotta Feeling","The Black Eyed Peas","dance pop",2009,128,77,74,-6,51,61,289,9,3,77,2000
"487",20,"Halo","BeyoncÃ©","dance pop",2008,80,72,51,-6,6,47,262,27,6,77,2000
"488",21,"In Da Club","50 Cent","east coast hip hop",2003,90,71,90,-3,7,78,193,26,37,77,2000
"489",22,"Just the Way You Are","Bruno Mars","pop",2010,109,84,64,-5,9,43,221,2,4,77,2010
"490",23,"Crank That (Soulja Boy)","Soulja Boy","atl hip hop",2007,140,74,74,-2,5,80,222,52,8,76,2000
"491",24,"Gasolina","Daddy Yankee","latin",2004,96,80,86,-6,8,75,193,33,6,76,2000
"492",25,"Let Me Love You","Mario","dance pop",2004,95,58,66,-9,12,56,257,24,9,76,2000
"493",26,"Don't Stop The Music","Rihanna","barbadian pop",2008,123,67,84,-6,5,54,267,3,6,76,2000
"494",27,"Lose Yourself - From ""8 Mile"" Soundtrack","Eminem","detroit hip hop",2004,171,74,69,-5,34,6,322,1,26,76,2000
"495",28,"I Knew You Were Trouble.","Taylor Swift","dance pop",2012,77,47,62,-7,3,68,220,0,4,75,2010
"496",29,"Temperature","Sean Paul","dance pop",2005,125,60,95,-5,7,82,219,11,7,75,2000
"497",30,"Empire State of Mind (Part II) Broken Down","Alicia Keys","hip pop",2009,93,37,48,-8,12,14,216,74,3,75,2000
"498",31,"Where Is The Love?","The Black Eyed Peas","dance pop",2003,94,69,84,-3,13,83,273,10,18,75,2000
"499",32,"Replay","Iyaz","dance pop",2009,91,75,71,-6,17,20,182,17,7,74,2000
"500",33,"Live Your Life (feat. Rihanna)","T.I.","atl hip hop",2008,160,86,38,-3,21,48,339,7,26,74,2000
"501",34,"Grenade","Bruno Mars","pop",2010,110,56,71,-7,12,23,223,15,6,74,2010
"502",35,"Last Friday Night (T.G.I.F.)","Katy Perry","dance pop",2012,126,82,65,-4,67,77,231,0,4,74,2010
"503",36,"Womanizer","Britney Spears","dance pop",2009,139,70,72,-5,9,24,224,7,6,74,2000
"504",37,"You Found Me","The Fray","modern rock",2009,152,80,34,-5,14,40,242,2,4,74,2000
"505",38,"One Tow Step (feat. Missy Elliot)","Ciara","dance pop",2004,113,51,94,-11,4,84,204,4,16,74,2000
"506",39,"Smack That","Akon","dance pop",2006,119,74,94,-5,9,93,212,32,5,73,2000
"507",40,"Alors on danse","Stromae","belgian pop",2010,120,59,79,-9,7,71,206,10,8,73,2010
"508",41,"No Air (feat. Chris Brown)","Jordin Sparks","dance pop",2007,160,76,47,-5,6,33,264,5,20,73,2000
"509",42,"We Are Never Ever Getting Back Together","Taylor Swift","dance pop",2012,86,68,63,-6,12,75,193,1,9,73,2010
"510",43,"Love Story","Taylor Swift","dance pop",2008,119,74,62,-4,8,31,236,13,3,73,2000
"511",44,"Pon de Replay","Rihanna","barbadian pop",2005,99,64,78,-8,10,50,247,0,16,73,2000
"512",45,"A Milli","Lil Wayne","hip hop",2008,151,70,67,-9,19,77,222,4,28,73,2000
"513",46,"U Remind Me","Usher","atl hip hop",2001,94,63,66,-5,25,73,267,19,8,73,2000
"514",47,"Right Round","Flo Rida","dance pop",2009,125,67,72,-7,23,71,205,1,6,72,2000
"515",48,"Because Of You","Ne-Yo","dance pop",2007,110,54,81,-6,10,83,267,53,4,72,2000
"516",49,"Call on Me - Radio Mix","Eric Prydz","big room",2004,126,84,60,-7,84,45,171,0,38,72,2000
"517",50,"Only Girl (In The World)","Rihanna","barbadian pop",2010,126,72,79,-4,7,61,235,13,4,72,2010
"518",51,"What's Luv? (feat. Ja-Rule & Ashanti)","Fat Joe","bronx hip hop",2001,94,71,84,-5,11,92,267,2,6,72,2000
"519",52,"Pump It","The Black Eyed Peas","dance pop",2005,154,93,65,-3,75,74,213,1,18,72,2000
"520",53,"Break Your Heart","Taio Cruz","dance pop",2010,122,93,61,-4,9,57,202,3,3,71,2010
"521",54,"Numb / Encore","JAY-Z","east coast hip hop",2004,107,80,69,-4,55,80,205,6,16,71,2000
"522",55,"Hate That I Love You","Rihanna","barbadian pop",2008,94,73,64,-5,10,73,219,32,9,71,2000
"523",56,"Lollipop","Lil Wayne","hip hop",2008,148,43,83,-9,14,45,299,6,8,71,2000
"524",57,"Rockstar","Nickelback","alternative metal",2005,144,91,62,-3,34,69,252,5,4,71,2000
"525",58,"I Wanna Love You","Akon","dance pop",2006,100,45,87,-9,31,35,247,4,4,70,2000
"526",59,"Crush","David Archuleta","dance pop",2008,162,66,57,-5,7,49,214,1,3,70,2000
"527",60,"Apologize","Timbaland","dance pop",2007,118,60,66,-6,10,8,184,4,3,70,2000
"528",61,"7 Days","Craig David","british soul",2001,83,81,66,-7,10,89,235,23,5,70,2000
"529",62,"Broken Strings","James Morrison","neo mellow",2008,112,72,57,-5,8,32,250,1,3,70,2000
"530",63,"Bleeding Love","Leona Lewis","british soul",2007,104,65,64,-6,15,20,263,19,4,70,2000
"531",64,"In My Head","Jason Derulo","dance pop",2010,110,75,76,-4,35,85,199,3,3,69,2010
"532",65,"Ridin'","Chamillionaire","dirty south rap",2005,143,80,79,-5,30,84,303,19,10,69,2000
"533",66,"Hot N Cold","Katy Perry","dance pop",2008,132,84,71,-4,7,86,220,0,4,69,2000
"534",67,"Breakeven","The Script","celtic rock",2008,94,70,63,-5,8,49,261,14,2,68,2000
"535",68,"Snap Yo Fingers","Youngbloodz","atl hip hop",2006,82,76,84,-5,29,63,274,1,23,68,2000
"536",69,"Boom Boom Pow","The Black Eyed Peas","dance pop",2009,130,86,87,-6,13,40,251,13,7,68,2000
"537",70,"Lady - Hear Me Tonight","Modjo","disco house",2001,126,81,72,-6,6,87,307,1,4,68,2000
"538",71,"Superstar","Jamelia","europop",2003,110,65,80,-7,4,82,215,5,4,67,2000
"539",72,"Love Lockdown","Kanye West","chicago rap",2008,120,52,76,-8,11,11,270,5,3,67,2000
"540",73,"The Tide Is High - Radio Mix","Atomic Kitten","bubblegum dance",2003,103,69,78,-3,3,64,205,2,3,66,2000
"541",74,"Release Me","Agnes","dance pop",2009,128,92,62,-3,11,72,256,1,3,65,2000
"542",75,"About You Now","Sugababes","bubblegum dance",2007,82,70,58,-6,49,59,212,0,4,65,2000
"543",76,"Pjanoo - Radio Edit","Eric Prydz","big room",2008,126,87,60,-5,11,84,157,0,3,65,2000
"544",77,"Let It Rock","Kevin Rudolf","dance pop",2008,113,78,61,-4,7,44,231,0,4,65,2000
"545",78,"Everytime We Touch - Radio Edit","Cascada","bubblegum dance",2011,142,98,64,-5,37,49,199,0,6,64,2010
"546",79,"Lean Back","Terror Squad","bronx hip hop",2004,127,92,80,-3,7,70,247,11,47,64,2000
"547",80,"TiK ToK","Kesha","dance pop",2014,120,67,75,-7,28,63,200,6,12,63,2010
"548",81,"All Rise","Blue","boy band",2001,98,74,72,-3,17,93,224,12,3,63,2000
"549",82,"Fergalicious","Fergie","dance pop",2006,129,58,91,-8,13,83,292,6,32,63,2000
"550",83,"Something","Lasgo","belgian dance",2001,140,98,64,-7,11,38,221,3,4,63,2000
"551",84,"When Love Takes Over (feat. Kelly Rowland)","David Guetta","dance pop",2009,130,86,66,-5,20,50,189,1,3,63,2000
"552",85,"Anyone Of Us (Stupid Mistake)","Gareth Gates","europop",2002,107,72,70,-6,8,65,228,28,3,61,2000
"553",86,"Teardrops On My Guitar - Radio Single Remix","Taylor Swift","dance pop",2006,100,42,62,-7,12,29,203,29,2,61,2000
"554",87,"Thank God I Found You","Mariah Carey","dance pop",1999,130,53,47,-6,11,15,257,59,3,61,1990
"555",88,"Sexy Bitch (feat. Akon) - Extended","David Guetta","dance pop",2009,130,30,96,-6,8,80,312,2,13,60,2000
"556",89,"Cooler Than Me - Single Mix","Mike Posner","dance pop",2010,130,82,75,-5,69,65,213,15,6,60,2010
"557",90,"Bump Bump Bump","B2K","boy band",2003,96,68,84,-6,5,89,283,10,21,60,2000
"558",91,"Beautiful Girls","Sean Kingston","dance pop",2014,118,64,54,-7,24,75,242,14,9,60,2010
"559",92,"I Know You Want Me (Calle Ocho)","Pitbull","dance pop",2009,127,74,82,-6,24,80,237,1,14,60,2000
"560",93,"Leave The World Behind - Radio Edit","Axwell","big room",2009,128,85,53,-8,32,28,162,0,5,58,2000
"561",94,"DÃ©senchantÃ©e - Radio Edit","Kate Ryan","belgian pop",2008,140,94,52,-5,23,29,221,17,7,57,2000
"562",95,"Moving too fast - Radio Edit","Artful Dodger","uk garage",2012,127,51,84,-11,3,52,238,9,5,57,2010
"563",96,"I Know What You Want (feat. Flipmode Squad)","Busta Rhymes","east coast hip hop",2002,86,75,56,-4,64,49,324,1,32,56,2000
"564",97,"Knock You Down","Keri Hilson","dance pop",2009,155,88,59,-5,17,65,326,1,16,56,2000
"565",98,"Dragostea Din Tei - Italian Version","O-Zone","bubblegum dance",2010,130,89,67,-6,10,80,215,4,3,44,2010
"566",99,"What A Girl Wants - Eddie Arroyo Dance Radio Edit","Christina Aguilera","dance pop",1999,130,92,75,-7,7,66,244,1,3,40,1990
"567",100,"Impossible - Main","Shontelle","barbadian pop",2019,90,57,59,-5,11,51,226,44,4,32,2010
"568",1,"bad guy","Billie Eilish","electropop",2019,135,43,70,-11,10,56,194,33,38,94,2010
"569",2,"7 rings","Ariana Grande","dance pop",2019,140,32,78,-11,9,33,179,59,33,90,2010
"570",3,"Old Town Road - Remix","Lil Nas X","country rap",2019,136,62,88,-6,11,64,157,5,10,89,2010
"571",4,"SeÃ±orita","Shawn Mendes","canadian pop",2019,117,55,76,-6,8,75,191,4,3,88,2010
"572",5,"rockstar (feat. 21 Savage)","Post Malone","dfw rap",2018,160,52,59,-6,13,13,218,12,7,88,2010
"573",6,"SAD!","XXXTENTACION","emo rap",2018,75,61,74,-5,12,47,167,26,14,87,2010
"574",7,"Sunflower - Spider-Man: Into the Spider-Verse","Post Malone","dfw rap",2019,90,52,76,-4,7,93,158,53,6,86,2010
"575",8,"God's Plan","Drake","canadian hip hop",2018,77,45,75,-9,55,36,199,3,11,85,2010
"576",9,"One Kiss (with Dua Lipa)","Calvin Harris","dance pop",2018,124,86,79,-3,8,59,215,4,11,85,2010
"577",10,"Thunder","Imagine Dragons","modern rock",2017,168,82,61,-5,15,29,187,1,4,85,2010
"578",11,"I Fall Apart","Post Malone","dfw rap",2016,144,54,56,-5,20,29,223,7,4,84,2010
"579",12,"HUMBLE.","Kendrick Lamar","conscious hip hop",2017,150,62,91,-7,10,42,177,0,10,84,2010
"580",13,"Starboy","The Weeknd","canadian contemporary r&b",2016,186,59,68,-7,14,49,230,14,28,84,2010
"581",14,"FRIENDS","Marshmello","brostep",2018,95,88,63,-2,13,53,203,21,5,83,2010
"582",15,"Psycho (feat. Ty Dolla $ign)","Post Malone","dfw rap",2018,140,56,75,-8,11,46,221,55,11,83,2010
"583",16,"Congratulations","Post Malone","dfw rap",2016,123,80,63,-4,25,49,220,22,4,83,2010
"584",17,"In My Feelings","Drake","canadian hip hop",2018,91,63,84,-6,40,35,218,6,13,83,2010
"585",18,"The Hills","The Weeknd","canadian contemporary r&b",2015,113,56,58,-7,14,14,242,7,5,83,2010
"586",19,"no tears left to cry","Ariana Grande","dance pop",2018,122,71,70,-6,29,35,206,4,6,83,2010
"587",20,"Dancing On My Own","Calum Scott","pop",2018,113,17,68,-9,10,24,260,84,3,83,2010
"588",21,"New Rules","Dua Lipa","dance pop",2017,116,70,76,-6,15,61,209,0,7,83,2010
"589",22,"Treat You Better","Shawn Mendes","canadian pop",2017,83,82,44,-4,11,75,188,11,34,83,2010
"590",23,"Something Just Like This","The Chainsmokers","electropop",2017,103,64,62,-7,16,45,247,5,3,83,2010
"591",24,"Happier","Ed Sheeran","pop",2017,90,39,52,-7,14,24,208,54,3,82,2010
"592",25,"Attention","Charlie Puth","dance pop",2018,100,61,78,-5,13,80,209,11,5,82,2010
"593",26,"IDGAF","Dua Lipa","dance pop",2017,97,54,84,-6,8,51,218,4,9,82,2010
"594",27,"There's Nothing Holdin' Me Back","Shawn Mendes","canadian pop",2017,122,81,87,-4,8,97,199,38,6,82,2010
"595",28,"Scared to Be Lonely","Martin Garrix","big room",2017,138,54,58,-8,26,20,221,9,6,81,2010
"596",29,"Whatever It Takes","Imagine Dragons","modern rock",2017,135,66,67,-5,12,56,201,4,3,81,2010
"597",30,"Let Me Love You","DJ Snake","electronic trap",2016,100,72,65,-5,14,16,206,9,3,81,2010
"598",31,"i hate u i love u (feat. olivia o'brien)","gnash","pop",2016,93,28,49,-13,10,18,251,69,30,81,2010
"599",32,"Silence","Marshmello","brostep",2017,142,76,52,-3,17,29,181,26,9,80,2010
"600",33,"The Nights","Avicii","big room",2014,126,84,53,-5,25,65,177,2,4,80,2010
"601",34,"Without You (feat. Sandro Cavazza)","Avicii","big room",2017,134,86,66,-5,5,30,182,0,4,80,2010
"602",35,"In the Name of Love","Martin Garrix","big room",2016,134,52,50,-6,45,17,196,11,4,80,2010
"603",36,"Faded","Alan Walker","electro house",2018,180,63,47,-5,11,16,212,3,5,80,2010
"604",37,"Story of My Life","One Direction","boy band",2013,121,66,60,-6,12,29,245,23,5,80,2010
"605",38,"Solo (feat. Demi Lovato)","Clean Bandit","dance pop",2018,105,64,74,-5,35,56,223,4,4,79,2010
"606",39,"Love Lies (with Normani)","Khalid","alternative r&b",2018,144,65,71,-6,13,34,202,10,4,79,2010
"607",40,"Little Do You Know","Alex & Sierra","neo mellow",2014,146,29,50,-9,19,37,185,75,3,79,2010
"608",41,"Mercy","Shawn Mendes","canadian pop",2017,148,66,56,-5,11,36,209,13,8,79,2010
"609",42,"Exchange","Bryson Tiller","pop",2015,160,43,53,-11,14,27,195,11,19,79,2010
"610",43,"One Last Time","Ariana Grande","dance pop",2014,125,59,63,-5,10,10,197,9,3,79,2010
"611",44,"DJ Got Us Fallin' In Love (feat. Pitbull)","Usher","atl hip hop",2010,120,86,66,-3,8,65,221,3,11,78,2010
"612",45,"Give Me Everything","Pitbull","dance pop",2011,129,94,67,-3,30,53,252,19,16,78,2010
"613",46,"Waiting For Love","Avicii","big room",2015,128,74,58,-4,20,61,231,31,5,78,2010
"614",47,"Stay","Zedd","complextro",2017,102,62,69,-5,12,54,210,25,6,78,2010
"615",48,"It Ain't Me (with Selena Gomez)","Kygo","edm",2017,100,53,64,-7,9,52,221,12,7,78,2010
"616",49,"Hall of Fame","The Script","celtic rock",2012,85,87,42,-4,12,63,203,7,6,78,2010
"617",50,"Payphone","Maroon 5","pop",2012,110,75,74,-5,29,55,231,2,4,78,2010
"618",51,"PILLOWTALK","ZAYN","dance pop",2016,125,70,58,-4,9,44,203,12,5,78,2010
"619",52,"All I Want","Kodaline","irish pop",2013,86,41,21,-10,8,16,306,17,4,78,2010
"620",53,"Youngblood","5 Seconds of Summer","boy band",2018,120,85,60,-5,12,15,203,2,46,77,2010
"621",54,"Symphony (feat. Zara Larsson)","Clean Bandit","dance pop",2017,123,63,71,-5,14,46,212,26,6,77,2010
"622",55,"Unsteady","X Ambassadors","indie poptimism",2015,117,67,39,-6,12,20,194,18,6,77,2010
"623",56,"Classic","MKTO","dance pop",2012,102,79,72,-5,16,76,175,4,12,77,2010
"624",57,"Time of Our Lives","Pitbull","dance pop",2014,124,80,72,-6,69,72,229,9,6,77,2010
"625",58,"Please Don't Go","Joel Adams","australian pop",2015,84,77,51,-5,29,24,211,1,6,76,2010
"626",59,"When You Love Someone","James TW","neo mellow",2019,126,45,68,-6,5,35,217,26,3,76,2010
"627",60,"I Dont Wanna Live Forever (Fifty Shades Darker)","ZAYN","dance pop",2016,118,45,74,-8,33,9,245,6,6,76,2010
"628",61,"Perfect Strangers","Jonas Blue","dance pop",2018,118,86,73,-4,21,70,197,39,5,76,2010
"629",62,"Friends (with BloodPopÂ®)","Justin Bieber","canadian pop",2017,105,73,74,-5,30,62,189,0,4,75,2010
"630",63,"September Song","JP Cooper","dance pop",2017,96,62,61,-7,9,37,220,5,4,75,2010
"631",64,"Never Forget You","Zara Larsson","dance pop",2017,146,73,58,-6,27,28,213,0,5,75,2010
"632",65,"Say You Won't Let Go","James Arthur","pop",2016,99,56,40,-7,9,48,211,69,5,75,2010
"633",66,"Airplanes (feat. Hayley Williams)","B.o.B","atl hip hop",2010,93,87,66,-4,4,38,180,11,12,75,2010
"634",67,"Whistle","Flo Rida","dance pop",2012,104,94,75,-6,29,74,225,2,5,75,2010
"635",68,"Do It Again","Pia Mia","dance pop",2015,96,56,71,-7,9,41,208,3,5,74,2010
"636",69,"Paris","The Chainsmokers","electropop",2017,100,64,65,-7,9,25,222,2,3,74,2010
"637",70,"All My Friends (feat. Tinashe & Chance the Rapper)","Snakehips","dance pop",2015,95,52,69,-6,11,18,230,12,13,74,2010
"638",71,"Slide (feat. Frank Ocean & Migos)","Calvin Harris","dance pop",2017,104,80,74,-3,25,51,231,50,5,74,2010
"639",72,"No Promises (feat. Demi Lovato)","Cheat Codes","dance pop",2017,113,67,74,-5,11,60,224,6,13,73,2010
"640",73,"The Ocean (feat. Shy Martin)","Mike Perry","big room",2016,90,57,63,-6,10,19,183,2,3,73,2010
"641",74,"Capsize","FRENSHIP","electropop",2016,93,71,68,-6,69,36,238,4,3,72,2010
"642",75,"As Long As You Love Me","Justin Bieber","canadian pop",2012,140,87,57,-3,36,61,229,8,10,72,2010
"643",76,"Pretty Girl - Cheat Codes X CADE Remix","Maggie Lindemann","dance pop",2017,121,87,70,-5,10,73,194,15,3,71,2010
"644",77,"2U (feat. Justin Bieber)","David Guetta","dance pop",2017,145,65,55,-6,23,56,195,22,6,71,2010
"645",78,"Strip That Down (feat. Quavo)","Liam Payne","dance pop",2019,106,50,87,-5,8,55,202,20,5,71,2010
"646",79,"Wildest Dreams","Taylor Swift","dance pop",2014,140,66,55,-7,11,47,220,7,7,71,2010
"647",80,"Sun Is Shining","Axwell /\ Ingrosso","big room",2017,132,76,47,-3,7,38,255,9,5,71,2010
"648",81,"Solo Dance","Martin Jensen","big room",2016,115,85,75,-2,20,40,175,5,5,70,2010
"649",82,"Alone","Alan Walker","electro house",2016,97,93,68,-3,12,16,161,19,5,70,2010
"650",83,"You Don't Know Me (feat. RAYE)","Jax Jones","dance pop",2019,124,67,88,-6,32,67,213,16,14,70,2010
"651",84,"Can't Hold Us (feat. Ray Dalton)","Macklemore & Ryan Lewis","dance pop",2012,146,93,63,-4,10,88,258,3,8,70,2010
"652",85,"Hurts So Good","Astrid S","dance pop",2016,120,63,67,-5,9,42,209,8,5,69,2010
"653",86,"Five More Hours - Deorro x Chris Brown","Deorro","big room",2017,128,88,70,-3,82,50,212,3,22,69,2010
"654",87,"She Looks So Perfect","5 Seconds of Summer","boy band",2014,160,95,49,-4,33,44,202,0,13,69,2010
"655",88,"Where Them Girls At (feat. Nicki Minaj & Flo Rida)","David Guetta","dance pop",2012,130,88,67,-3,26,55,195,6,4,69,2010
"656",89,"Mama","Jonas Blue","dance pop",2017,104,79,74,-4,5,54,184,10,4,68,2010
"657",90,"Don't Leave","Snakehips","dance pop",2017,122,70,66,-3,26,34,215,22,8,68,2010
"658",91,"Drag Me Down","One Direction","boy band",2015,138,71,72,-6,5,61,192,10,4,68,2010
"659",92,"The One That Got Away","Katy Perry","dance pop",2010,134,80,69,-4,16,88,227,0,4,66,2010
"660",93,"Shed a Light","Robin Schulz","dance pop",2016,122,79,48,-5,26,58,191,11,10,65,2010
"661",94,"Sex","Cheat Codes","dance pop",2016,105,69,60,-6,13,19,228,0,16,60,2010
"662",95,"Call on Me - Ryan Riback Remix","Starley","aussietronica",2016,105,84,67,-4,16,72,222,6,4,58,2010
"663",96,"Stereo Hearts (feat. Adam Levine)","Gym Class Heroes","dance pop",2011,90,80,65,-3,27,80,211,3,10,56,2010
"664",97,"Dynamite","Taio Cruz","dance pop",2011,120,79,76,-4,3,87,203,0,8,56,2010
"665",98,"Break Your Heart","Taio Cruz","dance pop",2011,122,89,67,-5,24,68,185,0,3,54,2010
"666",99,"Summer Air","ItaloBrothers","dance pop",2017,102,75,76,-4,8,49,184,6,7,43,2010
"667",100,"All I Wanna Do","Martin Jensen","big room",2016,112,79,73,-4,7,56,194,16,7,32,2010
